{
  "bounds": {
    "width": 543.69,
    "height": 447.03,
    "scale": 1.0
  },
  "halls": {
    "hall3_vert": {
      "id": "hall3_vert",
      "x": 260.49,
      "y": 248.37,
      "width": 70.11,
      "height": 198.66,
      "baseline": 295.545,
      "margin": 1.9866
    },
    "hall4_hor": {
      "id": "hall4_hor",
      "x": 330.6,
      "y": 307.96,
      "width": 213.09,
      "height": 46.99,
      "baseline": 331.455,
      "margin": 2.1309
    },
    "hall2_hor": {
      "id": "hall2_hor",
      "x": 82.64,
      "y": 270.82,
      "width": 177.85,
      "height": 43.83,
      "baseline": 292.735,
      "margin": 1.7785
    },
    "hall1_vert": {
      "id": "hall1_vert",
      "x": 36.85,
      "y": 236.91,
      "width": 45.79,
      "height": 77.75,
      "baseline": 59.745000000000005,
      "margin": 0.7775
    },
    "room1_vert": {
      "id": "room1_vert",
      "x": 331.61,
      "y": 206.27,
      "width": 37.77,
      "height": 101.68,
      "baseline": 350.495,
      "margin": 1.0168000000000001
    },
    "room2_vert": {
      "id": "room2_vert",
      "x": 372.66,
      "y": 206.27,
      "width": 36.69,
      "height": 101.68,
      "baseline": 391.005,
      "margin": 1.0168000000000001
    },
    "room3_vert": {
      "id": "room3_vert",
      "x": 411.58,
      "y": 206.27,
      "width": 34.72,
      "height": 101.68,
      "baseline": 428.94,
      "margin": 1.0168000000000001
    },
    "room4_hor": {
      "id": "room4_hor",
      "x": 331.61,
      "y": 356.08,
      "width": 212.08,
      "height": 90.32,
      "baseline": 401.24,
      "margin": 2.1208
    },
    "hall5_vert": {
      "id": "hall5_vert",
      "x": 169.29,
      "y": 142.61,
      "width": 20.65,
      "height": 128.21,
      "baseline": 179.61499999999998,
      "margin": 1.2821
    },
    "room5_hor": {
      "id": "room5_hor",
      "x": 99.52,
      "y": 208.29,
      "width": 69.77,
      "height": 60.38,
      "baseline": 238.48,
      "margin": 0.6977
    },
    "room6_hor": {
      "id": "room6_hor",
      "x": 99.52,
      "y": 144.73,
      "width": 69.77,
      "height": 60.51,
      "baseline": 174.98499999999999,
      "margin": 0.6977
    },
    "room7_hor": {
      "id": "room7_hor",
      "x": 140.56,
      "y": 315.92,
      "width": 64.67,
      "height": 39.03,
      "baseline": 335.435,
      "margin": 0.6467
    },
    "room8_hor": {
      "id": "room8_hor",
      "x": 36.85,
      "y": 314.65,
      "width": 100.61,
      "height": 40.29,
      "baseline": 334.79499999999996,
      "margin": 1.0061
    },
    "room9_vert": {
      "id": "room9_vert",
      "x": 0.0,
      "y": 239.08,
      "width": 36.85,
      "height": 75.57,
      "baseline": 18.425,
      "margin": 0.7556999999999999
    },
    "room10_vert": {
      "id": "room10_vert",
      "x": 1.07,
      "y": 0.0,
      "width": 96.39,
      "height": 236.91,
      "baseline": 49.265,
      "margin": 2.3691
    }
  },
  "lighthouses": {
    "white": {
      "id": "white",
      "x": 117.38,
      "y": 312.94,
      "hall": "hall2_hor"
    },
    "black": {
      "id": "black",
      "x": 241.89,
      "y": 312.94,
      "hall": "hall2_hor"
    }
  },
  "graph": {
    "room1_vert": {
      "x": 350.495,
      "y": 257.11,
      "adjacent": []
    },
    "room2_vert": {
      "x": 391.005,
      "y": 257.11,
      "adjacent": []
    },
    "room3_vert": {
      "x": 428.94,
      "y": 257.11,
      "adjacent": []
    },
    "room4_hor": {
      "x": 437.65000000000003,
      "y": 401.24,
      "adjacent": []
    },
    "room5_hor": {
      "x": 134.405,
      "y": 238.48,
      "adjacent": []
    },
    "room6_hor": {
      "x": 134.405,
      "y": 174.98499999999999,
      "adjacent": []
    },
    "room7_hor": {
      "x": 172.895,
      "y": 335.435,
      "adjacent": []
    },
    "room8_hor": {
      "x": 87.155,
      "y": 334.79499999999996,
      "adjacent": []
    },
    "room9_vert": {
      "x": 18.425,
      "y": 276.865,
      "adjacent": []
    },
    "room10_vert": {
      "x": 49.265,
      "y": 118.455,
      "adjacent": []
    },
    "room1": {
      "x": 349.44,
      "y": 305.97,
      "adjacent": [
        "vertex_to_room1"
      ]
    },
    "room2": {
      "x": 390.48,
      "y": 305.97,
      "adjacent": [
        "vertex_to_room2"
      ]
    },
    "room3": {
      "x": 429.34999999999997,
      "y": 305.97,
      "adjacent": [
        "vertex_to_room3"
      ]
    },
    "room4": {
      "x": 411.68,
      "y": 358.07,
      "adjacent": [
        "vertex_to_room4"
      ]
    },
    "room7": {
      "x": 181.51999999999998,
      "y": 317.91,
      "adjacent": [
        "vertex_to_room7"
      ]
    },
    "room5": {
      "x": 166.97,
      "y": 238.9,
      "adjacent": [
        "vertex_to_room5"
      ]
    },
    "room6": {
      "x": 167.57,
      "y": 174.98000000000002,
      "adjacent": [
        "vertex_to_room6"
      ]
    },
    "room8": {
      "x": 90.19,
      "y": 317.01,
      "adjacent": [
        "vertex_to_room8"
      ]
    },
    "room9": {
      "x": 34.53,
      "y": 275.32,
      "adjacent": [
        "vertex_to_room9"
      ]
    },
    "room10": {
      "x": 59.75,
      "y": 233.45000000000002,
      "adjacent": [
        "vertex_to_room10"
      ]
    },
    "vertex_to_room4": {
      "x": 411.675,
      "y": 329.27500000000003,
      "adjacent": [
        "vertex_to_room3",
        "room4",
        "vertex_to_room2"
      ]
    },
    "vertex_to_room2": {
      "x": 390.485,
      "y": 329.27500000000003,
      "adjacent": [
        "vertex_to_room4",
        "room2",
        "vertex_to_room1"
      ]
    },
    "vertex_to_room3": {
      "x": 428.945,
      "y": 329.27500000000003,
      "adjacent": [
        "room3",
        "vertex_to_room4"
      ]
    },
    "vertex_to_room1": {
      "x": 349.435,
      "y": 329.27500000000003,
      "adjacent": [
        "vertex_to_room2",
        "room1",
        "hall_point1"
      ]
    },
    "vertex_to_room6": {
      "x": 180.185,
      "y": 174.97500000000002,
      "adjacent": [
        "vertex_to_room5",
        "room6"
      ]
    },
    "vertex_to_room5": {
      "x": 180.185,
      "y": 238.895,
      "adjacent": [
        "hall_point3",
        "room5",
        "vertex_to_room6"
      ]
    },
    "vertex_to_room7": {
      "x": 181.51500000000001,
      "y": 292.975,
      "adjacent": [
        "hall_point2",
        "hall_point3",
        "room7",
        "vertex_to_room8"
      ]
    },
    "vertex_to_room8": {
      "x": 90.185,
      "y": 292.975,
      "adjacent": [
        "vertex_to_room7",
        "room8",
        "hall_point4"
      ]
    },
    "vertex_to_room9": {
      "x": 59.745,
      "y": 275.325,
      "adjacent": [
        "hall_point4",
        "room9",
        "vertex_to_room10"
      ]
    },
    "vertex_to_room10": {
      "x": 59.745,
      "y": 248.365,
      "adjacent": [
        "vertex_to_room9",
        "room10"
      ]
    },
    "hall_point1": {
      "x": 296.145,
      "y": 329.275,
      "adjacent": [
        "vertex_to_room1",
        "hall_point2"
      ]
    },
    "hall_point2": {
      "x": 295.545,
      "y": 292.735,
      "adjacent": [
        "hall_point1",
        "vertex_to_room7"
      ]
    },
    "hall_point3": {
      "x": 180.185,
      "y": 265.795,
      "adjacent": [
        "vertex_to_room7",
        "vertex_to_room5"
      ]
    },
    "hall_point4": {
      "x": 59.745000000000005,
      "y": 292.705,
      "adjacent": [
        "vertex_to_room8",
        "vertex_to_room9"
      ]
    }
  }
}